Outcome,Main effect,Robustness: 6-month window,Robustness: stricter remote-eligibility definition,Within-individual matched pairs
Log Wage Growth,0.040** (0.006),0.041** (0.006),0.036** (0.006),0.021*** (0.001)
Promotion at Entry,0.021** (0.004),0.020** (0.003),0.020** (0.003),0.009*** (0.001)
Employer Prestige Score,-27.222** (5.049),-26.497** (4.919),-29.872** (5.403),-15.991*** (0.252)
Log Employer Size,-0.692** (0.122),-0.693** (0.123),-1.007** (0.128),-0.400*** (0.004)
Cross-Metro Job Change,0.019* (0.005),0.020* (0.005),0.020* (0.005),0.004*** (0.001)
