outcome,scope,term,estimate,std_error,p_value,term_label
curr_parent_headcount,US,eligible_sharp,-0.692184810591539,0.12236182340370158,0.004812632678042174,Remote-eligible
curr_parent_headcount,US,f_prob,0.02679426574558212,0.01619394097960957,0.17335112864325652,Prob. female
curr_parent_headcount,US,log_prev_wag,0.1808062411040343,0.027269929013293955,0.0026846220499245513,log(Previous wage + 1)
curr_parent_headcount,US,prev_pagerank_z,0.0035586955840775807,3.346401611088983e-4,4.427133610283635e-4,Previous employer prestige (z)
curr_parent_headcount,US,log_prev_parent_headcount,0.13352144063041632,0.011562390025180376,3.211681074530795e-4,log(Previous employer headcount + 1)
curr_parent_headcount,US_indTercile_L,eligible_sharp,-0.8581517428900092,0.10718592372345696,0.0013200027932369685,Remote-eligible
curr_parent_headcount,US_indTercile_L,f_prob,-0.04510634481308336,0.021496034901802984,0.1038457875458163,Prob. female
curr_parent_headcount,US_indTercile_L,log_prev_wag,0.1863142837409215,0.030380520429412,0.0035829044904008675,log(Previous wage + 1)
curr_parent_headcount,US_indTercile_L,prev_pagerank_z,0.002295685600236581,2.634846888330868e-4,9.556839989007119e-4,Previous employer prestige (z)
curr_parent_headcount,US_indTercile_L,log_prev_parent_headcount,0.113347737248218,0.007949231361662144,1.4050528807837607e-4,log(Previous employer headcount + 1)
curr_parent_headcount,US_indTercile_M,eligible_sharp,-0.4504780924320497,0.13549984417397312,0.0292535792504114,Remote-eligible
curr_parent_headcount,US_indTercile_M,f_prob,0.005938708645036962,0.014280978752649762,0.6988632036990159,Prob. female
curr_parent_headcount,US_indTercile_M,log_prev_wag,0.1650659965844857,0.024934790826666803,0.0027002496694842866,log(Previous wage + 1)
curr_parent_headcount,US_indTercile_M,prev_pagerank_z,0.00770662677495191,8.297594825547861e-4,7.475893286956799e-4,Previous employer prestige (z)
curr_parent_headcount,US_indTercile_M,log_prev_parent_headcount,0.10129920116982274,0.010014716183764674,5.37651083074422e-4,log(Previous employer headcount + 1)
curr_parent_headcount,US_indTercile_H,eligible_sharp,-0.7662702014474749,0.11788234890801445,0.0028895182615343686,Remote-eligible
curr_parent_headcount,US_indTercile_H,f_prob,0.04176017842546576,0.017208036632086303,0.07223148419403226,Prob. female
curr_parent_headcount,US_indTercile_H,log_prev_wag,0.16831968567779104,0.03018920229732105,0.005072024741800416,log(Previous wage + 1)
curr_parent_headcount,US_indTercile_H,prev_pagerank_z,0.0036633599160822506,3.874099615764183e-4,6.976065452624965e-4,Previous employer prestige (z)
curr_parent_headcount,US_indTercile_H,log_prev_parent_headcount,0.13928112236787255,0.0127513053896793,3.989470066184558e-4,log(Previous employer headcount + 1)
