outcome,scope,term,estimate,std_error,p_value,term_label
log_wage_growth,US,eligible_sharp,0.04048250032745169,0.006371206386643389,0.0031437929149087046,Remote-eligible
log_wage_growth,US,f_prob,-0.03788060339183584,0.0030167238914802956,2.3146380232262495e-4,Prob. female
log_wage_growth,US,log_prev_wag,-0.6040359855431425,0.015365742677584511,2.501744502667297e-6,log(Previous wage + 1)
log_wage_growth,US,prev_pagerank_z,2.3403895605807106e-5,5.864815447879319e-6,0.016257346128124843,Previous employer prestige (z)
log_wage_growth,US,log_prev_parent_headcount,0.0028311782654094533,5.419794803571124e-4,0.006410902476328956,log(Previous employer headcount + 1)
log_wage_growth,US_indTercile_L,eligible_sharp,0.06209665847082296,0.006832637138558843,8.127681118267366e-4,Remote-eligible
log_wage_growth,US_indTercile_L,f_prob,-0.04463132807851015,0.0040276410291843435,3.77204595245235e-4,Prob. female
log_wage_growth,US_indTercile_L,log_prev_wag,-0.6167821858726997,0.00876352354477103,2.4420509313230615e-7,log(Previous wage + 1)
log_wage_growth,US_indTercile_L,prev_pagerank_z,2.673086078234261e-5,1.2437408613242497e-5,0.09806621208302556,Previous employer prestige (z)
log_wage_growth,US_indTercile_L,log_prev_parent_headcount,0.0018691016234369064,6.125654342702579e-4,0.037981096298337506,log(Previous employer headcount + 1)
log_wage_growth,US_indTercile_M,eligible_sharp,0.044094474084584855,0.006798230234380223,0.002912935893452958,Remote-eligible
log_wage_growth,US_indTercile_M,f_prob,-0.04552931986851517,0.0025747008781719333,6.0074615716469734e-5,Prob. female
log_wage_growth,US_indTercile_M,log_prev_wag,-0.6367202406761554,0.011708295677918402,6.844677427643319e-7,log(Previous wage + 1)
log_wage_growth,US_indTercile_M,prev_pagerank_z,1.2867403196527744e-5,2.186864466090869e-5,0.5878858562338904,Previous employer prestige (z)
log_wage_growth,US_indTercile_M,log_prev_parent_headcount,0.004548060095752748,5.33605503878514e-4,0.0010396518806900423,log(Previous employer headcount + 1)
log_wage_growth,US_indTercile_H,eligible_sharp,0.033058679521754855,0.006685068635738556,0.007788089192041742,Remote-eligible
log_wage_growth,US_indTercile_H,f_prob,-0.03200314708323601,0.0032918448638157858,6.267721343383201e-4,Prob. female
log_wage_growth,US_indTercile_H,log_prev_wag,-0.5930625049802654,0.019727899360007625,7.2924895478032205e-6,log(Previous wage + 1)
log_wage_growth,US_indTercile_H,prev_pagerank_z,2.6566203862114685e-5,8.311459729116496e-6,0.033016019852021294,Previous employer prestige (z)
log_wage_growth,US_indTercile_H,log_prev_parent_headcount,0.0020545234841167566,6.196035017490676e-4,0.029492165258162364,log(Previous employer headcount + 1)
