outcome,scope,term,estimate,std_error,p_value,term_label
cross_metro_move,US,eligible_sharp,0.019455977754307685,0.005267725577238542,0.020955634955767508,Remote-eligible
cross_metro_move,US,f_prob,-0.03465816940246407,0.0022829546305968957,1.097636870568798e-4,Prob. female
cross_metro_move,US,log_prev_wag,-0.008428885867826476,0.00392859226431191,0.09847512692330758,log(Previous wage + 1)
cross_metro_move,US,prev_pagerank_z,4.2931091579148696e-5,1.0598952814654337e-5,0.015469303028993471,Previous employer prestige (z)
cross_metro_move,US,log_prev_parent_headcount,0.0016919581797334386,7.243735502239625e-4,0.07974805550342841,log(Previous employer headcount + 1)
cross_metro_move,US_indTercile_L,eligible_sharp,0.047138846481236285,0.00800066257257704,0.004149734618824584,Remote-eligible
cross_metro_move,US_indTercile_L,f_prob,-0.032193935209379174,0.00153508088535172,3.055102660745762e-5,Prob. female
cross_metro_move,US_indTercile_L,log_prev_wag,0.0026576337707936463,0.004317419497957814,0.5714831244451803,log(Previous wage + 1)
cross_metro_move,US_indTercile_L,prev_pagerank_z,2.8883982690694756e-5,3.500288740826607e-5,0.45563342845005667,Previous employer prestige (z)
cross_metro_move,US_indTercile_L,log_prev_parent_headcount,0.004531254933545519,4.589812414060546e-4,5.906359084630291e-4,log(Previous employer headcount + 1)
cross_metro_move,US_indTercile_M,eligible_sharp,0.02617605118201955,0.0062010751535567996,0.013464504386613226,Remote-eligible
cross_metro_move,US_indTercile_M,f_prob,-0.04191301189358782,0.0018342735747075842,2.1731373702200647e-5,Prob. female
cross_metro_move,US_indTercile_M,log_prev_wag,-0.018185453898085308,0.004527641837819906,0.015910008005877156,log(Previous wage + 1)
cross_metro_move,US_indTercile_M,prev_pagerank_z,-2.652961822838564e-5,4.598900183509076e-5,0.5949378530491248,Previous employer prestige (z)
cross_metro_move,US_indTercile_M,log_prev_parent_headcount,0.002337908788718728,5.88569627913862e-4,0.01650848164441003,log(Previous employer headcount + 1)
cross_metro_move,US_indTercile_H,eligible_sharp,0.011918371059217184,0.005538055008489671,0.09775257276052106,Remote-eligible
cross_metro_move,US_indTercile_H,f_prob,-0.031110555829460103,0.0027752329508892626,3.6059734129285047e-4,Prob. female
cross_metro_move,US_indTercile_H,log_prev_wag,-0.00663580740116108,0.004603586547753264,0.2229066299014568,log(Previous wage + 1)
cross_metro_move,US_indTercile_H,prev_pagerank_z,4.487497670623369e-5,8.090815809051185e-6,0.0051688648772692395,Previous employer prestige (z)
cross_metro_move,US_indTercile_H,log_prev_parent_headcount,0.001110514614354085,9.091262672824982e-4,0.2889575620984336,log(Previous employer headcount + 1)
