outcome,scope,term,estimate,std_error,p_value,term_label
promotion_at_entry,US,eligible_sharp,0.02053298599557723,0.0038478524490727635,0.0059403608101058075,Remote-eligible
promotion_at_entry,US,f_prob,-0.019858141028500018,0.0028551270681178575,0.0022454259106212226,Prob. female
promotion_at_entry,US,log_prev_wag,0.15492923114435064,0.021267619964074575,0.0018871791895878915,log(Previous wage + 1)
promotion_at_entry,US,prev_pagerank_z,1.7375054325259964e-5,7.450966325681728e-6,0.08008353209187286,Previous employer prestige (z)
promotion_at_entry,US,log_prev_parent_headcount,8.455255974216048e-4,3.468456526896791e-4,0.07138084014072439,log(Previous employer headcount + 1)
promotion_at_entry,US_indTercile_L,eligible_sharp,0.026519718076888278,0.00455240159055514,0.0043251145166786804,Remote-eligible
promotion_at_entry,US_indTercile_L,f_prob,-0.02046190607528667,0.00523534460808842,0.017417114711617384,Prob. female
promotion_at_entry,US_indTercile_L,log_prev_wag,0.17052176717189801,0.01730321201824876,5.947029843954348e-4,log(Previous wage + 1)
promotion_at_entry,US_indTercile_L,prev_pagerank_z,1.953460619039073e-5,1.4643908809105137e-5,0.2530963912393254,Previous employer prestige (z)
promotion_at_entry,US_indTercile_L,log_prev_parent_headcount,4.2397495340465224e-4,6.100679726802896e-4,0.5253353301788207,log(Previous employer headcount + 1)
promotion_at_entry,US_indTercile_M,eligible_sharp,0.02496895967480802,0.003602352192434951,0.002274626790082744,Remote-eligible
promotion_at_entry,US_indTercile_M,f_prob,-0.024035478445989827,0.003086481326067635,0.0014665542046756958,Prob. female
promotion_at_entry,US_indTercile_M,log_prev_wag,0.16467778944424838,0.0197070303599021,0.0011213201704819945,log(Previous wage + 1)
promotion_at_entry,US_indTercile_M,prev_pagerank_z,1.0335430098373219e-5,2.7650695108205995e-5,0.7275323203126842,Previous employer prestige (z)
promotion_at_entry,US_indTercile_M,log_prev_parent_headcount,0.001847625361825051,6.629092853542378e-4,0.04945595130365111,log(Previous employer headcount + 1)
promotion_at_entry,US_indTercile_H,eligible_sharp,0.015695514443688257,0.004292178029115029,0.02164180327316711,Remote-eligible
promotion_at_entry,US_indTercile_H,f_prob,-0.017835334117131025,0.0023563303619809147,0.0016332474262113037,Prob. female
promotion_at_entry,US_indTercile_H,log_prev_wag,0.14405738704853052,0.023296497477070296,0.003475419723253998,log(Previous wage + 1)
promotion_at_entry,US_indTercile_H,prev_pagerank_z,1.9777682580472234e-5,6.487267474156866e-6,0.038076896285173106,Previous employer prestige (z)
promotion_at_entry,US_indTercile_H,log_prev_parent_headcount,4.0688941972206983e-4,2.527805682035685e-4,0.1827592074672321,log(Previous employer headcount + 1)
