outcome,scope,term,estimate,std_error,p_value,term_label
curr_pagerank_z,US,eligible_sharp,-27.221818394907146,5.049277217069974,0.00572556400448861,Remote-eligible
curr_pagerank_z,US,f_prob,-2.392263795276592,1.2468749275455984,0.12747569084508606,Prob. female
curr_pagerank_z,US,log_prev_wag,1.37694240502571,1.1294474661097926,0.2897698690690975,log(Previous wage + 1)
curr_pagerank_z,US,prev_pagerank_z,0.5168468291664777,0.01211453678186896,1.8044384344577448e-6,Previous employer prestige (z)
curr_pagerank_z,US,log_prev_parent_headcount,-0.5180270176787714,0.14529691600462014,0.023474312782499004,log(Previous employer headcount + 1)
curr_pagerank_z,US_indTercile_L,eligible_sharp,-30.6004570078046,8.919512267307505,0.02651783990042718,Remote-eligible
curr_pagerank_z,US_indTercile_L,f_prob,-4.947572009399748,1.9586447914425358,0.06493924791003813,Prob. female
curr_pagerank_z,US_indTercile_L,log_prev_wag,0.5793261468717226,1.7685802192866917,0.7596671994121368,log(Previous wage + 1)
curr_pagerank_z,US_indTercile_L,prev_pagerank_z,0.4354202376672174,0.074041466991219,0.0041784378556914605,Previous employer prestige (z)
curr_pagerank_z,US_indTercile_L,log_prev_parent_headcount,-1.1597646983799974,0.5886983525764585,0.12016274901257448,log(Previous employer headcount + 1)
curr_pagerank_z,US_indTercile_M,eligible_sharp,-17.3672508560013,4.488538634861734,0.018005055705098597,Remote-eligible
curr_pagerank_z,US_indTercile_M,f_prob,-3.354505572462467,1.2970517779464559,0.06092405166076028,Prob. female
curr_pagerank_z,US_indTercile_M,log_prev_wag,-1.9696890670211245,1.1372910353570655,0.1583279473166021,log(Previous wage + 1)
curr_pagerank_z,US_indTercile_M,prev_pagerank_z,0.4189616081404121,0.020589920610761033,3.444390239426853e-5,Previous employer prestige (z)
curr_pagerank_z,US_indTercile_M,log_prev_parent_headcount,0.2206549783980507,0.15409264052106042,0.22541906701705788,log(Previous employer headcount + 1)
curr_pagerank_z,US_indTercile_H,eligible_sharp,-31.03974674596449,5.0820134996777275,0.0036369585285227573,Remote-eligible
curr_pagerank_z,US_indTercile_H,f_prob,-1.6381353795510583,1.0539316454729706,0.19508000395161665,Prob. female
curr_pagerank_z,US_indTercile_H,log_prev_wag,2.7041684261631076,1.1188987410252602,0.07301436851889503,log(Previous wage + 1)
curr_pagerank_z,US_indTercile_H,prev_pagerank_z,0.5426707632112904,0.013320226557312421,2.1692500770751443e-6,Previous employer prestige (z)
curr_pagerank_z,US_indTercile_H,log_prev_parent_headcount,-0.7375414344433189,0.19392915404840771,0.019051990624841676,log(Previous employer headcount + 1)
